{
    "mainnet": 221192.32117,
    "arbitrum": 72359.718714,
    "polygon": 26051.834371,
    "base": 6139.736506,
    "gnosis": 29278.797415,
    "avalanche": 12942.551824,
    "zkevm": 0
}
