{
    "mainnet": 84904,
    "arbitrum": 60986.399974,
    "polygon": 6032.493545,
    "base": 5848.9779,
    "gnosis": 8311.6239,
    "avalanche": 10241.454
}
