{
    "mainnet": 187722.44860499995,
    "arbitrum": 60900.457437,
    "polygon": 28565.293639,
    "base": 4320.636812,
    "gnosis": 35604.041403,
    "avalanche": 10824.150296,
    "zkevm": 0
}
