{
    "mainnet": 166218.7026,
    "arbitrum": 129557.6626,
    "polygon": 25078.61831,
    "base": 2364.61614,
    "gnosis": 27316.96099,
    "avalanche": 14863.44556,
    "zkevm": 0
}
