{
    "mainnet": 226464.4606080,
    "arbitrum": 119879.9017080,
    "polygon": 39839.6463390,
    "base": 3700.5036510,
    "gnosis": 23070.9031850,
    "avalanche": 31298.6574710,
    "zkevm": 0
}
