{
    "mainnet": 177154.622639,
    "arbitrum": 36838.82,
    "polygon": 17652.184,
    "base": 5763.873361,
    "gnosis": 7986.44,
    "avalanche": 5638.12
}
